<?xml version="1.0" encoding="UTF-8" standalone="yes"?>
<event>
    <name>Test3</name>
    <description>Test task1</description>
    <attenders>
        <firstName>Bobo</firstName>
        <email>test@test.ua</email>
        <phone>849384938903</phone>
    </attenders>
    <attenders>
        <firstName>John</firstName>
        <email>John@test.ua</email>
        <phone>8493845444938903</phone>
    </attenders>
    <attenders>
        <firstName>Kaka</firstName>
        <email>Kaka@test.ua</email>
        <phone>456468787897</phone>
    </attenders>
    <startTime>2015-07-25T00:00:00+03:00</startTime>
    <endTime>2015-07-25T13:00:00+03:00</endTime>
    <uuid>1357736434</uuid>
</event>
